hospital_id,entity_name,scope,fiscal_year,item_code,item_name,value,unit,source,source_url,fetched_at
H-PNUH,부산대학교병원(양산부산대학교병원 포함),법인,2021,headcount_quota_total,임직원 정원 합계,6510,명,alio,https://alio.go.kr/item/itemReportTerm.do?apbaId=C0071&reportFormRootNo=2020&disclosureNo=2026071603216618,2026-10-09T00:00:11+09:00
H-PNUH,부산대학교병원(양산부산대학교병원 포함),법인,2021,regular_quota,정규직(일반) 정원,6508,명,alio,https://alio.go.kr/item/itemReportTerm.do?apbaId=C0071&reportFormRootNo=2020&disclosureNo=2026071603216618,2026-10-09T00:00:11+09:00
H-PNUH,부산대학교병원(양산부산대학교병원 포함),법인,2021,regular_actual,정규직(일반) 현원,5959,명,alio,https://alio.go.kr/item/itemReportTerm.do?apbaId=C0071&reportFormRootNo=2020&disclosureNo=2026071603216618,2026-10-09T00:00:11+09:00
H-PNUH,부산대학교병원(양산부산대학교병원 포함),법인,2021,fixed_term_actual,기간제(비정규직) 현원,274,명,alio,https://alio.go.kr/item/itemReportTerm.do?apbaId=C0071&reportFormRootNo=2020&disclosureNo=2026071603216618,2026-10-09T00:00:11+09:00
H-PNUH,부산대학교병원(양산부산대학교병원 포함),법인,2021,outsourced_actual,용역(민간) 인력,495,명,alio,https://alio.go.kr/item/itemReportTerm.do?apbaId=C0071&reportFormRootNo=2020&disclosureNo=2026071603216618,2026-10-09T00:00:11+09:00
H-PNUH,부산대학교병원(양산부산대학교병원 포함),법인,2021,female_actual,여성 현원,4325,명,alio,https://alio.go.kr/item/itemReportTerm.do?apbaId=C0071&reportFormRootNo=2020&disclosureNo=2026071603216618,2026-10-09T00:00:11+09:00
H-PNUH,부산대학교병원(양산부산대학교병원 포함),법인,2021,new_hire_regular,정규직(일반) 신규채용,825,명,alio,https://alio.go.kr/item/itemReportTerm.do?apbaId=C0071&reportFormRootNo=2040&disclosureNo=2026070903207871,2026-10-09T00:00:14+09:00
H-PNUH,부산대학교병원(양산부산대학교병원 포함),법인,2021,new_hire_youth,신규채용 중 청년,768,명,alio,https://alio.go.kr/item/itemReportTerm.do?apbaId=C0071&reportFormRootNo=2040&disclosureNo=2026070903207871,2026-10-09T00:00:14+09:00
H-PNUH,부산대학교병원(양산부산대학교병원 포함),법인,2021,new_hire_female,신규채용 중 여성,588,명,alio,https://alio.go.kr/item/itemReportTerm.do?apbaId=C0071&reportFormRootNo=2040&disclosureNo=2026070903207871,2026-10-09T00:00:14+09:00
H-PNUH,부산대학교병원(양산부산대학교병원 포함),법인,2021,new_hire_non_capital,신규채용 중 비수도권 지역인재,809,명,alio,https://alio.go.kr/item/itemReportTerm.do?apbaId=C0071&reportFormRootNo=2040&disclosureNo=2026070903207871,2026-10-09T00:00:14+09:00
H-PNUH,부산대학교병원(양산부산대학교병원 포함),법인,2021,current_assets,유동자산,301466,백만원,alio,https://alio.go.kr/item/itemReportTerm.do?apbaId=C0071&reportFormRootNo=3120&disclosureNo=2026041303150678,2026-10-09T00:00:18+09:00
H-PNUH,부산대학교병원(양산부산대학교병원 포함),법인,2021,non_current_assets,비유동자산,455934,백만원,alio,https://alio.go.kr/item/itemReportTerm.do?apbaId=C0071&reportFormRootNo=3120&disclosureNo=2026041303150678,2026-10-09T00:00:18+09:00
H-PNUH,부산대학교병원(양산부산대학교병원 포함),법인,2021,total_assets,자산총계,757400,백만원,alio,https://alio.go.kr/item/itemReportTerm.do?apbaId=C0071&reportFormRootNo=3120&disclosureNo=2026041303150678,2026-10-09T00:00:18+09:00
H-PNUH,부산대학교병원(양산부산대학교병원 포함),법인,2021,current_liabilities,유동부채,210454,백만원,alio,https://alio.go.kr/item/itemReportTerm.do?apbaId=C0071&reportFormRootNo=3120&disclosureNo=2026041303150678,2026-10-09T00:00:18+09:00
H-PNUH,부산대학교병원(양산부산대학교병원 포함),법인,2021,non_current_liabilities,비유동부채,343129,백만원,alio,https://alio.go.kr/item/itemReportTerm.do?apbaId=C0071&reportFormRootNo=3120&disclosureNo=2026041303150678,2026-10-09T00:00:18+09:00
H-PNUH,부산대학교병원(양산부산대학교병원 포함),법인,2021,total_liabilities,부채총계,553583,백만원,alio,https://alio.go.kr/item/itemReportTerm.do?apbaId=C0071&reportFormRootNo=3120&disclosureNo=2026041303150678,2026-10-09T00:00:18+09:00
H-PNUH,부산대학교병원(양산부산대학교병원 포함),법인,2021,capital_stock,자본금,169614,백만원,alio,https://alio.go.kr/item/itemReportTerm.do?apbaId=C0071&reportFormRootNo=3120&disclosureNo=2026041303150678,2026-10-09T00:00:18+09:00
H-PNUH,부산대학교병원(양산부산대학교병원 포함),법인,2021,total_equity,자본총계,203817,백만원,alio,https://alio.go.kr/item/itemReportTerm.do?apbaId=C0071&reportFormRootNo=3120&disclosureNo=2026041303150678,2026-10-09T00:00:18+09:00
H-PNUH,부산대학교병원(양산부산대학교병원 포함),법인,2021,debt_ratio,부채비율,271.61,%,alio,https://alio.go.kr/item/itemReportTerm.do?apbaId=C0071&reportFormRootNo=3120&disclosureNo=2026041303150678,2026-10-09T00:00:18+09:00
H-PNUH,부산대학교병원(양산부산대학교병원 포함),법인,2021,revenue,매출,928106,백만원,alio,https://alio.go.kr/item/itemReportTerm.do?apbaId=C0071&reportFormRootNo=3130&disclosureNo=2026041303151037,2026-10-09T00:00:21+09:00
H-PNUH,부산대학교병원(양산부산대학교병원 포함),법인,2021,cost_of_revenue,매출원가,960087,백만원,alio,https://alio.go.kr/item/itemReportTerm.do?apbaId=C0071&reportFormRootNo=3130&disclosureNo=2026041303151037,2026-10-09T00:00:21+09:00
H-PNUH,부산대학교병원(양산부산대학교병원 포함),법인,2021,operating_income,영업이익,-31981,백만원,alio,https://alio.go.kr/item/itemReportTerm.do?apbaId=C0071&reportFormRootNo=3130&disclosureNo=2026041303151037,2026-10-09T00:00:21+09:00
H-PNUH,부산대학교병원(양산부산대학교병원 포함),법인,2021,non_operating_income,영업외 수익,115873,백만원,alio,https://alio.go.kr/item/itemReportTerm.do?apbaId=C0071&reportFormRootNo=3130&disclosureNo=2026041303151037,2026-10-09T00:00:21+09:00
H-PNUH,부산대학교병원(양산부산대학교병원 포함),법인,2021,non_operating_expense,영업외 비용,44937,백만원,alio,https://alio.go.kr/item/itemReportTerm.do?apbaId=C0071&reportFormRootNo=3130&disclosureNo=2026041303151037,2026-10-09T00:00:21+09:00
H-PNUH,부산대학교병원(양산부산대학교병원 포함),법인,2021,total_income,총 수익,1043979,백만원,alio,https://alio.go.kr/item/itemReportTerm.do?apbaId=C0071&reportFormRootNo=3130&disclosureNo=2026041303151037,2026-10-09T00:00:21+09:00
H-PNUH,부산대학교병원(양산부산대학교병원 포함),법인,2021,total_expense,총 비용,1005024,백만원,alio,https://alio.go.kr/item/itemReportTerm.do?apbaId=C0071&reportFormRootNo=3130&disclosureNo=2026041303151037,2026-10-09T00:00:21+09:00
H-PNUH,부산대학교병원(양산부산대학교병원 포함),법인,2021,net_income,당기순이익,38955,백만원,alio,https://alio.go.kr/item/itemReportTerm.do?apbaId=C0071&reportFormRootNo=3130&disclosureNo=2026041303151037,2026-10-09T00:00:21+09:00
H-PNUH,부산대학교병원(양산부산대학교병원 포함),법인,2021,net_margin,매출액순이익률,4.2,%,alio,https://alio.go.kr/item/itemReportTerm.do?apbaId=C0071&reportFormRootNo=3130&disclosureNo=2026041303151037,2026-10-09T00:00:21+09:00
H-PNUH,부산대학교병원(양산부산대학교병원 포함),법인,2021,long_term_borrowing_end,장기차입금 기말잔액,153445,백만원,alio,https://alio.go.kr/item/itemReportTerm.do?apbaId=C0071&reportFormRootNo=3180&disclosureNo=2026041603162370,2026-10-09T00:00:24+09:00
H-PNUH,부산대학교병원(양산부산대학교병원 포함),법인,2021,long_term_borrowing_change,장기차입금 변동금액,-17523,백만원,alio,https://alio.go.kr/item/itemReportTerm.do?apbaId=C0071&reportFormRootNo=3180&disclosureNo=2026041603162370,2026-10-09T00:00:24+09:00
H-PNUH,부산대학교병원(양산부산대학교병원 포함),법인,2021,short_term_borrowing_end,단기차입금 기말잔액,27054,백만원,alio,https://alio.go.kr/item/itemReportTerm.do?apbaId=C0071&reportFormRootNo=3180&disclosureNo=2026041603162370,2026-10-09T00:00:24+09:00
H-PNUH,부산대학교병원(양산부산대학교병원 포함),법인,2021,short_term_borrowing_change,단기차입금 변동금액,628,백만원,alio,https://alio.go.kr/item/itemReportTerm.do?apbaId=C0071&reportFormRootNo=3180&disclosureNo=2026041603162370,2026-10-09T00:00:24+09:00
H-PNUH,부산대학교병원(양산부산대학교병원 포함),법인,2021,long_term_borrowing_dependency,장기차입금 의존도,20.26,%,alio,https://alio.go.kr/item/itemReportTerm.do?apbaId=C0071&reportFormRootNo=3180&disclosureNo=2026041603162370,2026-10-09T00:00:24+09:00
H-PNUH,부산대학교병원(양산부산대학교병원 포함),법인,2021,short_term_borrowing_dependency,단기차입금 의존도,3.57,%,alio,https://alio.go.kr/item/itemReportTerm.do?apbaId=C0071&reportFormRootNo=3180&disclosureNo=2026041603162370,2026-10-09T00:00:24+09:00
H-PNUH,부산대학교병원(양산부산대학교병원 포함),법인,2022,headcount_quota_total,임직원 정원 합계,6643,명,alio,https://alio.go.kr/item/itemReportTerm.do?apbaId=C0071&reportFormRootNo=2020&disclosureNo=2026071603216618,2026-10-09T00:00:11+09:00
H-PNUH,부산대학교병원(양산부산대학교병원 포함),법인,2022,regular_quota,정규직(일반) 정원,6641,명,alio,https://alio.go.kr/item/itemReportTerm.do?apbaId=C0071&reportFormRootNo=2020&disclosureNo=2026071603216618,2026-10-09T00:00:11+09:00
H-PNUH,부산대학교병원(양산부산대학교병원 포함),법인,2022,regular_actual,정규직(일반) 현원,5990,명,alio,https://alio.go.kr/item/itemReportTerm.do?apbaId=C0071&reportFormRootNo=2020&disclosureNo=2026071603216618,2026-10-09T00:00:11+09:00
H-PNUH,부산대학교병원(양산부산대학교병원 포함),법인,2022,fixed_term_actual,기간제(비정규직) 현원,307,명,alio,https://alio.go.kr/item/itemReportTerm.do?apbaId=C0071&reportFormRootNo=2020&disclosureNo=2026071603216618,2026-10-09T00:00:11+09:00
H-PNUH,부산대학교병원(양산부산대학교병원 포함),법인,2022,outsourced_actual,용역(민간) 인력,500,명,alio,https://alio.go.kr/item/itemReportTerm.do?apbaId=C0071&reportFormRootNo=2020&disclosureNo=2026071603216618,2026-10-09T00:00:11+09:00
H-PNUH,부산대학교병원(양산부산대학교병원 포함),법인,2022,female_actual,여성 현원,4357,명,alio,https://alio.go.kr/item/itemReportTerm.do?apbaId=C0071&reportFormRootNo=2020&disclosureNo=2026071603216618,2026-10-09T00:00:11+09:00
H-PNUH,부산대학교병원(양산부산대학교병원 포함),법인,2022,new_hire_regular,정규직(일반) 신규채용,728,명,alio,https://alio.go.kr/item/itemReportTerm.do?apbaId=C0071&reportFormRootNo=2040&disclosureNo=2026070903207871,2026-10-09T00:00:14+09:00
H-PNUH,부산대학교병원(양산부산대학교병원 포함),법인,2022,new_hire_youth,신규채용 중 청년,675,명,alio,https://alio.go.kr/item/itemReportTerm.do?apbaId=C0071&reportFormRootNo=2040&disclosureNo=2026070903207871,2026-10-09T00:00:14+09:00
H-PNUH,부산대학교병원(양산부산대학교병원 포함),법인,2022,new_hire_female,신규채용 중 여성,545,명,alio,https://alio.go.kr/item/itemReportTerm.do?apbaId=C0071&reportFormRootNo=2040&disclosureNo=2026070903207871,2026-10-09T00:00:14+09:00
H-PNUH,부산대학교병원(양산부산대학교병원 포함),법인,2022,new_hire_non_capital,신규채용 중 비수도권 지역인재,715,명,alio,https://alio.go.kr/item/itemReportTerm.do?apbaId=C0071&reportFormRootNo=2040&disclosureNo=2026070903207871,2026-10-09T00:00:14+09:00
H-PNUH,부산대학교병원(양산부산대학교병원 포함),법인,2022,current_assets,유동자산,356626,백만원,alio,https://alio.go.kr/item/itemReportTerm.do?apbaId=C0071&reportFormRootNo=3120&disclosureNo=2026041303150678,2026-10-09T00:00:18+09:00
H-PNUH,부산대학교병원(양산부산대학교병원 포함),법인,2022,non_current_assets,비유동자산,456522,백만원,alio,https://alio.go.kr/item/itemReportTerm.do?apbaId=C0071&reportFormRootNo=3120&disclosureNo=2026041303150678,2026-10-09T00:00:18+09:00
H-PNUH,부산대학교병원(양산부산대학교병원 포함),법인,2022,total_assets,자산총계,813148,백만원,alio,https://alio.go.kr/item/itemReportTerm.do?apbaId=C0071&reportFormRootNo=3120&disclosureNo=2026041303150678,2026-10-09T00:00:18+09:00
H-PNUH,부산대학교병원(양산부산대학교병원 포함),법인,2022,current_liabilities,유동부채,229093,백만원,alio,https://alio.go.kr/item/itemReportTerm.do?apbaId=C0071&reportFormRootNo=3120&disclosureNo=2026041303150678,2026-10-09T00:00:18+09:00
H-PNUH,부산대학교병원(양산부산대학교병원 포함),법인,2022,non_current_liabilities,비유동부채,329155,백만원,alio,https://alio.go.kr/item/itemReportTerm.do?apbaId=C0071&reportFormRootNo=3120&disclosureNo=2026041303150678,2026-10-09T00:00:18+09:00
H-PNUH,부산대학교병원(양산부산대학교병원 포함),법인,2022,total_liabilities,부채총계,558248,백만원,alio,https://alio.go.kr/item/itemReportTerm.do?apbaId=C0071&reportFormRootNo=3120&disclosureNo=2026041303150678,2026-10-09T00:00:18+09:00
H-PNUH,부산대학교병원(양산부산대학교병원 포함),법인,2022,capital_stock,자본금,169614,백만원,alio,https://alio.go.kr/item/itemReportTerm.do?apbaId=C0071&reportFormRootNo=3120&disclosureNo=2026041303150678,2026-10-09T00:00:18+09:00
H-PNUH,부산대학교병원(양산부산대학교병원 포함),법인,2022,total_equity,자본총계,254900,백만원,alio,https://alio.go.kr/item/itemReportTerm.do?apbaId=C0071&reportFormRootNo=3120&disclosureNo=2026041303150678,2026-10-09T00:00:18+09:00
H-PNUH,부산대학교병원(양산부산대학교병원 포함),법인,2022,debt_ratio,부채비율,219.01,%,alio,https://alio.go.kr/item/itemReportTerm.do?apbaId=C0071&reportFormRootNo=3120&disclosureNo=2026041303150678,2026-10-09T00:00:18+09:00
H-PNUH,부산대학교병원(양산부산대학교병원 포함),법인,2022,revenue,매출,951145,백만원,alio,https://alio.go.kr/item/itemReportTerm.do?apbaId=C0071&reportFormRootNo=3130&disclosureNo=2026041303151037,2026-10-09T00:00:21+09:00
H-PNUH,부산대학교병원(양산부산대학교병원 포함),법인,2022,cost_of_revenue,매출원가,987160,백만원,alio,https://alio.go.kr/item/itemReportTerm.do?apbaId=C0071&reportFormRootNo=3130&disclosureNo=2026041303151037,2026-10-09T00:00:21+09:00
H-PNUH,부산대학교병원(양산부산대학교병원 포함),법인,2022,operating_income,영업이익,-36015,백만원,alio,https://alio.go.kr/item/itemReportTerm.do?apbaId=C0071&reportFormRootNo=3130&disclosureNo=2026041303151037,2026-10-09T00:00:21+09:00
H-PNUH,부산대학교병원(양산부산대학교병원 포함),법인,2022,non_operating_income,영업외 수익,138536,백만원,alio,https://alio.go.kr/item/itemReportTerm.do?apbaId=C0071&reportFormRootNo=3130&disclosureNo=2026041303151037,2026-10-09T00:00:21+09:00
H-PNUH,부산대학교병원(양산부산대학교병원 포함),법인,2022,non_operating_expense,영업외 비용,51437,백만원,alio,https://alio.go.kr/item/itemReportTerm.do?apbaId=C0071&reportFormRootNo=3130&disclosureNo=2026041303151037,2026-10-09T00:00:21+09:00
H-PNUH,부산대학교병원(양산부산대학교병원 포함),법인,2022,total_income,총 수익,1089681,백만원,alio,https://alio.go.kr/item/itemReportTerm.do?apbaId=C0071&reportFormRootNo=3130&disclosureNo=2026041303151037,2026-10-09T00:00:21+09:00
H-PNUH,부산대학교병원(양산부산대학교병원 포함),법인,2022,total_expense,총 비용,1038597,백만원,alio,https://alio.go.kr/item/itemReportTerm.do?apbaId=C0071&reportFormRootNo=3130&disclosureNo=2026041303151037,2026-10-09T00:00:21+09:00
H-PNUH,부산대학교병원(양산부산대학교병원 포함),법인,2022,net_income,당기순이익,51084,백만원,alio,https://alio.go.kr/item/itemReportTerm.do?apbaId=C0071&reportFormRootNo=3130&disclosureNo=2026041303151037,2026-10-09T00:00:21+09:00
H-PNUH,부산대학교병원(양산부산대학교병원 포함),법인,2022,net_margin,매출액순이익률,5.37,%,alio,https://alio.go.kr/item/itemReportTerm.do?apbaId=C0071&reportFormRootNo=3130&disclosureNo=2026041303151037,2026-10-09T00:00:21+09:00
H-PNUH,부산대학교병원(양산부산대학교병원 포함),법인,2022,long_term_borrowing_end,장기차입금 기말잔액,138796,백만원,alio,https://alio.go.kr/item/itemReportTerm.do?apbaId=C0071&reportFormRootNo=3180&disclosureNo=2026041603162370,2026-10-09T00:00:24+09:00
H-PNUH,부산대학교병원(양산부산대학교병원 포함),법인,2022,long_term_borrowing_change,장기차입금 변동금액,-14649,백만원,alio,https://alio.go.kr/item/itemReportTerm.do?apbaId=C0071&reportFormRootNo=3180&disclosureNo=2026041603162370,2026-10-09T00:00:24+09:00
H-PNUH,부산대학교병원(양산부산대학교병원 포함),법인,2022,short_term_borrowing_end,단기차입금 기말잔액,33451,백만원,alio,https://alio.go.kr/item/itemReportTerm.do?apbaId=C0071&reportFormRootNo=3180&disclosureNo=2026041603162370,2026-10-09T00:00:24+09:00
H-PNUH,부산대학교병원(양산부산대학교병원 포함),법인,2022,short_term_borrowing_change,단기차입금 변동금액,6397,백만원,alio,https://alio.go.kr/item/itemReportTerm.do?apbaId=C0071&reportFormRootNo=3180&disclosureNo=2026041603162370,2026-10-09T00:00:24+09:00
H-PNUH,부산대학교병원(양산부산대학교병원 포함),법인,2022,long_term_borrowing_dependency,장기차입금 의존도,17.07,%,alio,https://alio.go.kr/item/itemReportTerm.do?apbaId=C0071&reportFormRootNo=3180&disclosureNo=2026041603162370,2026-10-09T00:00:24+09:00
H-PNUH,부산대학교병원(양산부산대학교병원 포함),법인,2022,short_term_borrowing_dependency,단기차입금 의존도,4.11,%,alio,https://alio.go.kr/item/itemReportTerm.do?apbaId=C0071&reportFormRootNo=3180&disclosureNo=2026041603162370,2026-10-09T00:00:24+09:00
H-PNUH,부산대학교병원(양산부산대학교병원 포함),법인,2023,headcount_quota_total,임직원 정원 합계,6703,명,alio,https://alio.go.kr/item/itemReportTerm.do?apbaId=C0071&reportFormRootNo=2020&disclosureNo=2026071603216618,2026-10-09T00:00:11+09:00
H-PNUH,부산대학교병원(양산부산대학교병원 포함),법인,2023,regular_quota,정규직(일반) 정원,6701,명,alio,https://alio.go.kr/item/itemReportTerm.do?apbaId=C0071&reportFormRootNo=2020&disclosureNo=2026071603216618,2026-10-09T00:00:11+09:00
H-PNUH,부산대학교병원(양산부산대학교병원 포함),법인,2023,regular_actual,정규직(일반) 현원,6062,명,alio,https://alio.go.kr/item/itemReportTerm.do?apbaId=C0071&reportFormRootNo=2020&disclosureNo=2026071603216618,2026-10-09T00:00:11+09:00
H-PNUH,부산대학교병원(양산부산대학교병원 포함),법인,2023,fixed_term_actual,기간제(비정규직) 현원,297,명,alio,https://alio.go.kr/item/itemReportTerm.do?apbaId=C0071&reportFormRootNo=2020&disclosureNo=2026071603216618,2026-10-09T00:00:11+09:00
H-PNUH,부산대학교병원(양산부산대학교병원 포함),법인,2023,outsourced_actual,용역(민간) 인력,498,명,alio,https://alio.go.kr/item/itemReportTerm.do?apbaId=C0071&reportFormRootNo=2020&disclosureNo=2026071603216618,2026-10-09T00:00:11+09:00
H-PNUH,부산대학교병원(양산부산대학교병원 포함),법인,2023,female_actual,여성 현원,4384,명,alio,https://alio.go.kr/item/itemReportTerm.do?apbaId=C0071&reportFormRootNo=2020&disclosureNo=2026071603216618,2026-10-09T00:00:11+09:00
H-PNUH,부산대학교병원(양산부산대학교병원 포함),법인,2023,new_hire_regular,정규직(일반) 신규채용,627,명,alio,https://alio.go.kr/item/itemReportTerm.do?apbaId=C0071&reportFormRootNo=2040&disclosureNo=2026070903207871,2026-10-09T00:00:14+09:00
H-PNUH,부산대학교병원(양산부산대학교병원 포함),법인,2023,new_hire_youth,신규채용 중 청년,579,명,alio,https://alio.go.kr/item/itemReportTerm.do?apbaId=C0071&reportFormRootNo=2040&disclosureNo=2026070903207871,2026-10-09T00:00:14+09:00
H-PNUH,부산대학교병원(양산부산대학교병원 포함),법인,2023,new_hire_female,신규채용 중 여성,411,명,alio,https://alio.go.kr/item/itemReportTerm.do?apbaId=C0071&reportFormRootNo=2040&disclosureNo=2026070903207871,2026-10-09T00:00:14+09:00
H-PNUH,부산대학교병원(양산부산대학교병원 포함),법인,2023,new_hire_non_capital,신규채용 중 비수도권 지역인재,609,명,alio,https://alio.go.kr/item/itemReportTerm.do?apbaId=C0071&reportFormRootNo=2040&disclosureNo=2026070903207871,2026-10-09T00:00:14+09:00
H-PNUH,부산대학교병원(양산부산대학교병원 포함),법인,2023,current_assets,유동자산,316632,백만원,alio,https://alio.go.kr/item/itemReportTerm.do?apbaId=C0071&reportFormRootNo=3120&disclosureNo=2026041303150678,2026-10-09T00:00:18+09:00
H-PNUH,부산대학교병원(양산부산대학교병원 포함),법인,2023,non_current_assets,비유동자산,453981,백만원,alio,https://alio.go.kr/item/itemReportTerm.do?apbaId=C0071&reportFormRootNo=3120&disclosureNo=2026041303150678,2026-10-09T00:00:18+09:00
H-PNUH,부산대학교병원(양산부산대학교병원 포함),법인,2023,total_assets,자산총계,770613,백만원,alio,https://alio.go.kr/item/itemReportTerm.do?apbaId=C0071&reportFormRootNo=3120&disclosureNo=2026041303150678,2026-10-09T00:00:18+09:00
H-PNUH,부산대학교병원(양산부산대학교병원 포함),법인,2023,current_liabilities,유동부채,240136,백만원,alio,https://alio.go.kr/item/itemReportTerm.do?apbaId=C0071&reportFormRootNo=3120&disclosureNo=2026041303150678,2026-10-09T00:00:18+09:00
H-PNUH,부산대학교병원(양산부산대학교병원 포함),법인,2023,non_current_liabilities,비유동부채,322564,백만원,alio,https://alio.go.kr/item/itemReportTerm.do?apbaId=C0071&reportFormRootNo=3120&disclosureNo=2026041303150678,2026-10-09T00:00:18+09:00
H-PNUH,부산대학교병원(양산부산대학교병원 포함),법인,2023,total_liabilities,부채총계,562700,백만원,alio,https://alio.go.kr/item/itemReportTerm.do?apbaId=C0071&reportFormRootNo=3120&disclosureNo=2026041303150678,2026-10-09T00:00:18+09:00
H-PNUH,부산대학교병원(양산부산대학교병원 포함),법인,2023,capital_stock,자본금,169614,백만원,alio,https://alio.go.kr/item/itemReportTerm.do?apbaId=C0071&reportFormRootNo=3120&disclosureNo=2026041303150678,2026-10-09T00:00:18+09:00
H-PNUH,부산대학교병원(양산부산대학교병원 포함),법인,2023,total_equity,자본총계,207913,백만원,alio,https://alio.go.kr/item/itemReportTerm.do?apbaId=C0071&reportFormRootNo=3120&disclosureNo=2026041303150678,2026-10-09T00:00:18+09:00
H-PNUH,부산대학교병원(양산부산대학교병원 포함),법인,2023,debt_ratio,부채비율,270.64,%,alio,https://alio.go.kr/item/itemReportTerm.do?apbaId=C0071&reportFormRootNo=3120&disclosureNo=2026041303150678,2026-10-09T00:00:18+09:00
H-PNUH,부산대학교병원(양산부산대학교병원 포함),법인,2023,revenue,매출,975697,백만원,alio,https://alio.go.kr/item/itemReportTerm.do?apbaId=C0071&reportFormRootNo=3130&disclosureNo=2026041303151037,2026-10-09T00:00:21+09:00
H-PNUH,부산대학교병원(양산부산대학교병원 포함),법인,2023,cost_of_revenue,매출원가,1044241,백만원,alio,https://alio.go.kr/item/itemReportTerm.do?apbaId=C0071&reportFormRootNo=3130&disclosureNo=2026041303151037,2026-10-09T00:00:21+09:00
H-PNUH,부산대학교병원(양산부산대학교병원 포함),법인,2023,operating_income,영업이익,-68544,백만원,alio,https://alio.go.kr/item/itemReportTerm.do?apbaId=C0071&reportFormRootNo=3130&disclosureNo=2026041303151037,2026-10-09T00:00:21+09:00
H-PNUH,부산대학교병원(양산부산대학교병원 포함),법인,2023,non_operating_income,영업외 수익,80826,백만원,alio,https://alio.go.kr/item/itemReportTerm.do?apbaId=C0071&reportFormRootNo=3130&disclosureNo=2026041303151037,2026-10-09T00:00:21+09:00
H-PNUH,부산대학교병원(양산부산대학교병원 포함),법인,2023,non_operating_expense,영업외 비용,59270,백만원,alio,https://alio.go.kr/item/itemReportTerm.do?apbaId=C0071&reportFormRootNo=3130&disclosureNo=2026041303151037,2026-10-09T00:00:21+09:00
H-PNUH,부산대학교병원(양산부산대학교병원 포함),법인,2023,total_income,총 수익,1056523,백만원,alio,https://alio.go.kr/item/itemReportTerm.do?apbaId=C0071&reportFormRootNo=3130&disclosureNo=2026041303151037,2026-10-09T00:00:21+09:00
H-PNUH,부산대학교병원(양산부산대학교병원 포함),법인,2023,total_expense,총 비용,1103511,백만원,alio,https://alio.go.kr/item/itemReportTerm.do?apbaId=C0071&reportFormRootNo=3130&disclosureNo=2026041303151037,2026-10-09T00:00:21+09:00
H-PNUH,부산대학교병원(양산부산대학교병원 포함),법인,2023,net_income,당기순이익,-46988,백만원,alio,https://alio.go.kr/item/itemReportTerm.do?apbaId=C0071&reportFormRootNo=3130&disclosureNo=2026041303151037,2026-10-09T00:00:21+09:00
H-PNUH,부산대학교병원(양산부산대학교병원 포함),법인,2023,net_margin,매출액순이익률,-4.82,%,alio,https://alio.go.kr/item/itemReportTerm.do?apbaId=C0071&reportFormRootNo=3130&disclosureNo=2026041303151037,2026-10-09T00:00:21+09:00
H-PNUH,부산대학교병원(양산부산대학교병원 포함),법인,2023,long_term_borrowing_end,장기차입금 기말잔액,126838,백만원,alio,https://alio.go.kr/item/itemReportTerm.do?apbaId=C0071&reportFormRootNo=3180&disclosureNo=2026041603162370,2026-10-09T00:00:24+09:00
H-PNUH,부산대학교병원(양산부산대학교병원 포함),법인,2023,long_term_borrowing_change,장기차입금 변동금액,-11958,백만원,alio,https://alio.go.kr/item/itemReportTerm.do?apbaId=C0071&reportFormRootNo=3180&disclosureNo=2026041603162370,2026-10-09T00:00:24+09:00
H-PNUH,부산대학교병원(양산부산대학교병원 포함),법인,2023,short_term_borrowing_end,단기차입금 기말잔액,33675,백만원,alio,https://alio.go.kr/item/itemReportTerm.do?apbaId=C0071&reportFormRootNo=3180&disclosureNo=2026041603162370,2026-10-09T00:00:24+09:00
H-PNUH,부산대학교병원(양산부산대학교병원 포함),법인,2023,short_term_borrowing_change,단기차입금 변동금액,224,백만원,alio,https://alio.go.kr/item/itemReportTerm.do?apbaId=C0071&reportFormRootNo=3180&disclosureNo=2026041603162370,2026-10-09T00:00:24+09:00
H-PNUH,부산대학교병원(양산부산대학교병원 포함),법인,2023,long_term_borrowing_dependency,장기차입금 의존도,16.46,%,alio,https://alio.go.kr/item/itemReportTerm.do?apbaId=C0071&reportFormRootNo=3180&disclosureNo=2026041603162370,2026-10-09T00:00:24+09:00
H-PNUH,부산대학교병원(양산부산대학교병원 포함),법인,2023,short_term_borrowing_dependency,단기차입금 의존도,4.37,%,alio,https://alio.go.kr/item/itemReportTerm.do?apbaId=C0071&reportFormRootNo=3180&disclosureNo=2026041603162370,2026-10-09T00:00:24+09:00
H-PNUH,부산대학교병원(양산부산대학교병원 포함),법인,2024,headcount_quota_total,임직원 정원 합계,6981,명,alio,https://alio.go.kr/item/itemReportTerm.do?apbaId=C0071&reportFormRootNo=2020&disclosureNo=2026071603216618,2026-10-09T00:00:11+09:00
H-PNUH,부산대학교병원(양산부산대학교병원 포함),법인,2024,regular_quota,정규직(일반) 정원,6979,명,alio,https://alio.go.kr/item/itemReportTerm.do?apbaId=C0071&reportFormRootNo=2020&disclosureNo=2026071603216618,2026-10-09T00:00:11+09:00
H-PNUH,부산대학교병원(양산부산대학교병원 포함),법인,2024,regular_actual,정규직(일반) 현원,5850,명,alio,https://alio.go.kr/item/itemReportTerm.do?apbaId=C0071&reportFormRootNo=2020&disclosureNo=2026071603216618,2026-10-09T00:00:11+09:00
H-PNUH,부산대학교병원(양산부산대학교병원 포함),법인,2024,fixed_term_actual,기간제(비정규직) 현원,273,명,alio,https://alio.go.kr/item/itemReportTerm.do?apbaId=C0071&reportFormRootNo=2020&disclosureNo=2026071603216618,2026-10-09T00:00:11+09:00
H-PNUH,부산대학교병원(양산부산대학교병원 포함),법인,2024,outsourced_actual,용역(민간) 인력,322,명,alio,https://alio.go.kr/item/itemReportTerm.do?apbaId=C0071&reportFormRootNo=2020&disclosureNo=2026071603216618,2026-10-09T00:00:11+09:00
H-PNUH,부산대학교병원(양산부산대학교병원 포함),법인,2024,female_actual,여성 현원,4265,명,alio,https://alio.go.kr/item/itemReportTerm.do?apbaId=C0071&reportFormRootNo=2020&disclosureNo=2026071603216618,2026-10-09T00:00:11+09:00
H-PNUH,부산대학교병원(양산부산대학교병원 포함),법인,2024,new_hire_regular,정규직(일반) 신규채용,550,명,alio,https://alio.go.kr/item/itemReportTerm.do?apbaId=C0071&reportFormRootNo=2040&disclosureNo=2026070903207871,2026-10-09T00:00:14+09:00
H-PNUH,부산대학교병원(양산부산대학교병원 포함),법인,2024,new_hire_youth,신규채용 중 청년,419,명,alio,https://alio.go.kr/item/itemReportTerm.do?apbaId=C0071&reportFormRootNo=2040&disclosureNo=2026070903207871,2026-10-09T00:00:14+09:00
H-PNUH,부산대학교병원(양산부산대학교병원 포함),법인,2024,new_hire_female,신규채용 중 여성,316,명,alio,https://alio.go.kr/item/itemReportTerm.do?apbaId=C0071&reportFormRootNo=2040&disclosureNo=2026070903207871,2026-10-09T00:00:14+09:00
H-PNUH,부산대학교병원(양산부산대학교병원 포함),법인,2024,new_hire_non_capital,신규채용 중 비수도권 지역인재,539,명,alio,https://alio.go.kr/item/itemReportTerm.do?apbaId=C0071&reportFormRootNo=2040&disclosureNo=2026070903207871,2026-10-09T00:00:14+09:00
H-PNUH,부산대학교병원(양산부산대학교병원 포함),법인,2024,current_assets,유동자산,243054,백만원,alio,https://alio.go.kr/item/itemReportTerm.do?apbaId=C0071&reportFormRootNo=3120&disclosureNo=2026041303150678,2026-10-09T00:00:18+09:00
H-PNUH,부산대학교병원(양산부산대학교병원 포함),법인,2024,non_current_assets,비유동자산,444844,백만원,alio,https://alio.go.kr/item/itemReportTerm.do?apbaId=C0071&reportFormRootNo=3120&disclosureNo=2026041303150678,2026-10-09T00:00:18+09:00
H-PNUH,부산대학교병원(양산부산대학교병원 포함),법인,2024,total_assets,자산총계,687898,백만원,alio,https://alio.go.kr/item/itemReportTerm.do?apbaId=C0071&reportFormRootNo=3120&disclosureNo=2026041303150678,2026-10-09T00:00:18+09:00
H-PNUH,부산대학교병원(양산부산대학교병원 포함),법인,2024,current_liabilities,유동부채,211599,백만원,alio,https://alio.go.kr/item/itemReportTerm.do?apbaId=C0071&reportFormRootNo=3120&disclosureNo=2026041303150678,2026-10-09T00:00:18+09:00
H-PNUH,부산대학교병원(양산부산대학교병원 포함),법인,2024,non_current_liabilities,비유동부채,334028,백만원,alio,https://alio.go.kr/item/itemReportTerm.do?apbaId=C0071&reportFormRootNo=3120&disclosureNo=2026041303150678,2026-10-09T00:00:18+09:00
H-PNUH,부산대학교병원(양산부산대학교병원 포함),법인,2024,total_liabilities,부채총계,545627,백만원,alio,https://alio.go.kr/item/itemReportTerm.do?apbaId=C0071&reportFormRootNo=3120&disclosureNo=2026041303150678,2026-10-09T00:00:18+09:00
H-PNUH,부산대학교병원(양산부산대학교병원 포함),법인,2024,capital_stock,자본금,169614,백만원,alio,https://alio.go.kr/item/itemReportTerm.do?apbaId=C0071&reportFormRootNo=3120&disclosureNo=2026041303150678,2026-10-09T00:00:18+09:00
H-PNUH,부산대학교병원(양산부산대학교병원 포함),법인,2024,total_equity,자본총계,142271,백만원,alio,https://alio.go.kr/item/itemReportTerm.do?apbaId=C0071&reportFormRootNo=3120&disclosureNo=2026041303150678,2026-10-09T00:00:18+09:00
H-PNUH,부산대학교병원(양산부산대학교병원 포함),법인,2024,debt_ratio,부채비율,383.51,%,alio,https://alio.go.kr/item/itemReportTerm.do?apbaId=C0071&reportFormRootNo=3120&disclosureNo=2026041303150678,2026-10-09T00:00:18+09:00
H-PNUH,부산대학교병원(양산부산대학교병원 포함),법인,2024,revenue,매출,869345,백만원,alio,https://alio.go.kr/item/itemReportTerm.do?apbaId=C0071&reportFormRootNo=3130&disclosureNo=2026041303151037,2026-10-09T00:00:21+09:00
H-PNUH,부산대학교병원(양산부산대학교병원 포함),법인,2024,cost_of_revenue,매출원가,989535,백만원,alio,https://alio.go.kr/item/itemReportTerm.do?apbaId=C0071&reportFormRootNo=3130&disclosureNo=2026041303151037,2026-10-09T00:00:21+09:00
H-PNUH,부산대학교병원(양산부산대학교병원 포함),법인,2024,operating_income,영업이익,-120190,백만원,alio,https://alio.go.kr/item/itemReportTerm.do?apbaId=C0071&reportFormRootNo=3130&disclosureNo=2026041303151037,2026-10-09T00:00:21+09:00
H-PNUH,부산대학교병원(양산부산대학교병원 포함),법인,2024,non_operating_income,영업외 수익,114270,백만원,alio,https://alio.go.kr/item/itemReportTerm.do?apbaId=C0071&reportFormRootNo=3130&disclosureNo=2026041303151037,2026-10-09T00:00:21+09:00
H-PNUH,부산대학교병원(양산부산대학교병원 포함),법인,2024,non_operating_expense,영업외 비용,59722,백만원,alio,https://alio.go.kr/item/itemReportTerm.do?apbaId=C0071&reportFormRootNo=3130&disclosureNo=2026041303151037,2026-10-09T00:00:21+09:00
H-PNUH,부산대학교병원(양산부산대학교병원 포함),법인,2024,total_income,총 수익,983615,백만원,alio,https://alio.go.kr/item/itemReportTerm.do?apbaId=C0071&reportFormRootNo=3130&disclosureNo=2026041303151037,2026-10-09T00:00:21+09:00
H-PNUH,부산대학교병원(양산부산대학교병원 포함),법인,2024,total_expense,총 비용,1049257,백만원,alio,https://alio.go.kr/item/itemReportTerm.do?apbaId=C0071&reportFormRootNo=3130&disclosureNo=2026041303151037,2026-10-09T00:00:21+09:00
H-PNUH,부산대학교병원(양산부산대학교병원 포함),법인,2024,net_income,당기순이익,-65642,백만원,alio,https://alio.go.kr/item/itemReportTerm.do?apbaId=C0071&reportFormRootNo=3130&disclosureNo=2026041303151037,2026-10-09T00:00:21+09:00
H-PNUH,부산대학교병원(양산부산대학교병원 포함),법인,2024,net_margin,매출액순이익률,-7.55,%,alio,https://alio.go.kr/item/itemReportTerm.do?apbaId=C0071&reportFormRootNo=3130&disclosureNo=2026041303151037,2026-10-09T00:00:21+09:00
H-PNUH,부산대학교병원(양산부산대학교병원 포함),법인,2024,long_term_borrowing_end,장기차입금 기말잔액,131193,백만원,alio,https://alio.go.kr/item/itemReportTerm.do?apbaId=C0071&reportFormRootNo=3180&disclosureNo=2026041603162370,2026-10-09T00:00:24+09:00
H-PNUH,부산대학교병원(양산부산대학교병원 포함),법인,2024,long_term_borrowing_change,장기차입금 변동금액,4355,백만원,alio,https://alio.go.kr/item/itemReportTerm.do?apbaId=C0071&reportFormRootNo=3180&disclosureNo=2026041603162370,2026-10-09T00:00:24+09:00
H-PNUH,부산대학교병원(양산부산대학교병원 포함),법인,2024,short_term_borrowing_end,단기차입금 기말잔액,23733,백만원,alio,https://alio.go.kr/item/itemReportTerm.do?apbaId=C0071&reportFormRootNo=3180&disclosureNo=2026041603162370,2026-10-09T00:00:24+09:00
H-PNUH,부산대학교병원(양산부산대학교병원 포함),법인,2024,short_term_borrowing_change,단기차입금 변동금액,-10287,백만원,alio,https://alio.go.kr/item/itemReportTerm.do?apbaId=C0071&reportFormRootNo=3180&disclosureNo=2026041603162370,2026-10-09T00:00:24+09:00
H-PNUH,부산대학교병원(양산부산대학교병원 포함),법인,2024,long_term_borrowing_dependency,장기차입금 의존도,19.07,%,alio,https://alio.go.kr/item/itemReportTerm.do?apbaId=C0071&reportFormRootNo=3180&disclosureNo=2026041603162370,2026-10-09T00:00:24+09:00
H-PNUH,부산대학교병원(양산부산대학교병원 포함),법인,2024,short_term_borrowing_dependency,단기차입금 의존도,3.45,%,alio,https://alio.go.kr/item/itemReportTerm.do?apbaId=C0071&reportFormRootNo=3180&disclosureNo=2026041603162370,2026-10-09T00:00:24+09:00
H-PNUH,부산대학교병원(양산부산대학교병원 포함),법인,2025,headcount_quota_total,임직원 정원 합계,7096,명,alio,https://alio.go.kr/item/itemReportTerm.do?apbaId=C0071&reportFormRootNo=2020&disclosureNo=2026071603216618,2026-10-09T00:00:11+09:00
H-PNUH,부산대학교병원(양산부산대학교병원 포함),법인,2025,regular_quota,정규직(일반) 정원,7094,명,alio,https://alio.go.kr/item/itemReportTerm.do?apbaId=C0071&reportFormRootNo=2020&disclosureNo=2026071603216618,2026-10-09T00:00:11+09:00
H-PNUH,부산대학교병원(양산부산대학교병원 포함),법인,2025,regular_actual,정규직(일반) 현원,6220,명,alio,https://alio.go.kr/item/itemReportTerm.do?apbaId=C0071&reportFormRootNo=2020&disclosureNo=2026071603216618,2026-10-09T00:00:11+09:00
H-PNUH,부산대학교병원(양산부산대학교병원 포함),법인,2025,fixed_term_actual,기간제(비정규직) 현원,242,명,alio,https://alio.go.kr/item/itemReportTerm.do?apbaId=C0071&reportFormRootNo=2020&disclosureNo=2026071603216618,2026-10-09T00:00:11+09:00
H-PNUH,부산대학교병원(양산부산대학교병원 포함),법인,2025,outsourced_actual,용역(민간) 인력,325,명,alio,https://alio.go.kr/item/itemReportTerm.do?apbaId=C0071&reportFormRootNo=2020&disclosureNo=2026071603216618,2026-10-09T00:00:11+09:00
H-PNUH,부산대학교병원(양산부산대학교병원 포함),법인,2025,female_actual,여성 현원,4409,명,alio,https://alio.go.kr/item/itemReportTerm.do?apbaId=C0071&reportFormRootNo=2020&disclosureNo=2026071603216618,2026-10-09T00:00:11+09:00
H-PNUH,부산대학교병원(양산부산대학교병원 포함),법인,2025,new_hire_regular,정규직(일반) 신규채용,879,명,alio,https://alio.go.kr/item/itemReportTerm.do?apbaId=C0071&reportFormRootNo=2040&disclosureNo=2026070903207871,2026-10-09T00:00:14+09:00
H-PNUH,부산대학교병원(양산부산대학교병원 포함),법인,2025,new_hire_youth,신규채용 중 청년,775,명,alio,https://alio.go.kr/item/itemReportTerm.do?apbaId=C0071&reportFormRootNo=2040&disclosureNo=2026070903207871,2026-10-09T00:00:14+09:00
H-PNUH,부산대학교병원(양산부산대학교병원 포함),법인,2025,new_hire_female,신규채용 중 여성,514,명,alio,https://alio.go.kr/item/itemReportTerm.do?apbaId=C0071&reportFormRootNo=2040&disclosureNo=2026070903207871,2026-10-09T00:00:14+09:00
H-PNUH,부산대학교병원(양산부산대학교병원 포함),법인,2025,new_hire_non_capital,신규채용 중 비수도권 지역인재,849,명,alio,https://alio.go.kr/item/itemReportTerm.do?apbaId=C0071&reportFormRootNo=2040&disclosureNo=2026070903207871,2026-10-09T00:00:14+09:00
H-PNUH,부산대학교병원(양산부산대학교병원 포함),법인,2025,current_assets,유동자산,261868,백만원,alio,https://alio.go.kr/item/itemReportTerm.do?apbaId=C0071&reportFormRootNo=3120&disclosureNo=2026041303150678,2026-10-09T00:00:18+09:00
H-PNUH,부산대학교병원(양산부산대학교병원 포함),법인,2025,non_current_assets,비유동자산,438688,백만원,alio,https://alio.go.kr/item/itemReportTerm.do?apbaId=C0071&reportFormRootNo=3120&disclosureNo=2026041303150678,2026-10-09T00:00:18+09:00
H-PNUH,부산대학교병원(양산부산대학교병원 포함),법인,2025,total_assets,자산총계,700556,백만원,alio,https://alio.go.kr/item/itemReportTerm.do?apbaId=C0071&reportFormRootNo=3120&disclosureNo=2026041303150678,2026-10-09T00:00:18+09:00
H-PNUH,부산대학교병원(양산부산대학교병원 포함),법인,2025,current_liabilities,유동부채,345983,백만원,alio,https://alio.go.kr/item/itemReportTerm.do?apbaId=C0071&reportFormRootNo=3120&disclosureNo=2026041303150678,2026-10-09T00:00:18+09:00
H-PNUH,부산대학교병원(양산부산대학교병원 포함),법인,2025,non_current_liabilities,비유동부채,288044,백만원,alio,https://alio.go.kr/item/itemReportTerm.do?apbaId=C0071&reportFormRootNo=3120&disclosureNo=2026041303150678,2026-10-09T00:00:18+09:00
H-PNUH,부산대학교병원(양산부산대학교병원 포함),법인,2025,total_liabilities,부채총계,634027,백만원,alio,https://alio.go.kr/item/itemReportTerm.do?apbaId=C0071&reportFormRootNo=3120&disclosureNo=2026041303150678,2026-10-09T00:00:18+09:00
H-PNUH,부산대학교병원(양산부산대학교병원 포함),법인,2025,capital_stock,자본금,169614,백만원,alio,https://alio.go.kr/item/itemReportTerm.do?apbaId=C0071&reportFormRootNo=3120&disclosureNo=2026041303150678,2026-10-09T00:00:18+09:00
H-PNUH,부산대학교병원(양산부산대학교병원 포함),법인,2025,total_equity,자본총계,66529,백만원,alio,https://alio.go.kr/item/itemReportTerm.do?apbaId=C0071&reportFormRootNo=3120&disclosureNo=2026041303150678,2026-10-09T00:00:18+09:00
H-PNUH,부산대학교병원(양산부산대학교병원 포함),법인,2025,debt_ratio,부채비율,953.01,%,alio,https://alio.go.kr/item/itemReportTerm.do?apbaId=C0071&reportFormRootNo=3120&disclosureNo=2026041303150678,2026-10-09T00:00:18+09:00
H-PNUH,부산대학교병원(양산부산대학교병원 포함),법인,2025,revenue,매출,990965,백만원,alio,https://alio.go.kr/item/itemReportTerm.do?apbaId=C0071&reportFormRootNo=3130&disclosureNo=2026041303151037,2026-10-09T00:00:21+09:00
H-PNUH,부산대학교병원(양산부산대학교병원 포함),법인,2025,cost_of_revenue,매출원가,1100565,백만원,alio,https://alio.go.kr/item/itemReportTerm.do?apbaId=C0071&reportFormRootNo=3130&disclosureNo=2026041303151037,2026-10-09T00:00:21+09:00
H-PNUH,부산대학교병원(양산부산대학교병원 포함),법인,2025,operating_income,영업이익,-109600,백만원,alio,https://alio.go.kr/item/itemReportTerm.do?apbaId=C0071&reportFormRootNo=3130&disclosureNo=2026041303151037,2026-10-09T00:00:21+09:00
H-PNUH,부산대학교병원(양산부산대학교병원 포함),법인,2025,non_operating_income,영업외 수익,103186,백만원,alio,https://alio.go.kr/item/itemReportTerm.do?apbaId=C0071&reportFormRootNo=3130&disclosureNo=2026041303151037,2026-10-09T00:00:21+09:00
H-PNUH,부산대학교병원(양산부산대학교병원 포함),법인,2025,non_operating_expense,영업외 비용,69329,백만원,alio,https://alio.go.kr/item/itemReportTerm.do?apbaId=C0071&reportFormRootNo=3130&disclosureNo=2026041303151037,2026-10-09T00:00:21+09:00
H-PNUH,부산대학교병원(양산부산대학교병원 포함),법인,2025,total_income,총 수익,1094151,백만원,alio,https://alio.go.kr/item/itemReportTerm.do?apbaId=C0071&reportFormRootNo=3130&disclosureNo=2026041303151037,2026-10-09T00:00:21+09:00
H-PNUH,부산대학교병원(양산부산대학교병원 포함),법인,2025,total_expense,총 비용,1169894,백만원,alio,https://alio.go.kr/item/itemReportTerm.do?apbaId=C0071&reportFormRootNo=3130&disclosureNo=2026041303151037,2026-10-09T00:00:21+09:00
H-PNUH,부산대학교병원(양산부산대학교병원 포함),법인,2025,net_income,당기순이익,-75743,백만원,alio,https://alio.go.kr/item/itemReportTerm.do?apbaId=C0071&reportFormRootNo=3130&disclosureNo=2026041303151037,2026-10-09T00:00:21+09:00
H-PNUH,부산대학교병원(양산부산대학교병원 포함),법인,2025,net_margin,매출액순이익률,-7.64,%,alio,https://alio.go.kr/item/itemReportTerm.do?apbaId=C0071&reportFormRootNo=3130&disclosureNo=2026041303151037,2026-10-09T00:00:21+09:00
H-PNUH,부산대학교병원(양산부산대학교병원 포함),법인,2025,long_term_borrowing_end,장기차입금 기말잔액,76664,백만원,alio,https://alio.go.kr/item/itemReportTerm.do?apbaId=C0071&reportFormRootNo=3180&disclosureNo=2026041603162370,2026-10-09T00:00:24+09:00
H-PNUH,부산대학교병원(양산부산대학교병원 포함),법인,2025,long_term_borrowing_change,장기차입금 변동금액,-54529,백만원,alio,https://alio.go.kr/item/itemReportTerm.do?apbaId=C0071&reportFormRootNo=3180&disclosureNo=2026041603162370,2026-10-09T00:00:24+09:00
H-PNUH,부산대학교병원(양산부산대학교병원 포함),법인,2025,short_term_borrowing_end,단기차입금 기말잔액,118132,백만원,alio,https://alio.go.kr/item/itemReportTerm.do?apbaId=C0071&reportFormRootNo=3180&disclosureNo=2026041603162370,2026-10-09T00:00:24+09:00
H-PNUH,부산대학교병원(양산부산대학교병원 포함),법인,2025,short_term_borrowing_change,단기차입금 변동금액,94399,백만원,alio,https://alio.go.kr/item/itemReportTerm.do?apbaId=C0071&reportFormRootNo=3180&disclosureNo=2026041603162370,2026-10-09T00:00:24+09:00
H-PNUH,부산대학교병원(양산부산대학교병원 포함),법인,2025,long_term_borrowing_dependency,장기차입금 의존도,10.94,%,alio,https://alio.go.kr/item/itemReportTerm.do?apbaId=C0071&reportFormRootNo=3180&disclosureNo=2026041603162370,2026-10-09T00:00:24+09:00
H-PNUH,부산대학교병원(양산부산대학교병원 포함),법인,2025,short_term_borrowing_dependency,단기차입금 의존도,16.86,%,alio,https://alio.go.kr/item/itemReportTerm.do?apbaId=C0071&reportFormRootNo=3180&disclosureNo=2026041603162370,2026-10-09T00:00:24+09:00
H-PNUH,부산대학교병원(양산부산대학교병원 포함),법인,2026,headcount_quota_total,임직원 정원 합계 (2026년 2분기 말),7138,명,alio,https://alio.go.kr/item/itemReportTerm.do?apbaId=C0071&reportFormRootNo=2020&disclosureNo=2026071603216618,2026-10-09T00:00:11+09:00
H-PNUH,부산대학교병원(양산부산대학교병원 포함),법인,2026,regular_quota,정규직(일반) 정원 (2026년 2분기 말),7136,명,alio,https://alio.go.kr/item/itemReportTerm.do?apbaId=C0071&reportFormRootNo=2020&disclosureNo=2026071603216618,2026-10-09T00:00:11+09:00
H-PNUH,부산대학교병원(양산부산대학교병원 포함),법인,2026,regular_actual,정규직(일반) 현원 (2026년 2분기 말),6322,명,alio,https://alio.go.kr/item/itemReportTerm.do?apbaId=C0071&reportFormRootNo=2020&disclosureNo=2026071603216618,2026-10-09T00:00:11+09:00
H-PNUH,부산대학교병원(양산부산대학교병원 포함),법인,2026,fixed_term_actual,기간제(비정규직) 현원 (2026년 2분기 말),284,명,alio,https://alio.go.kr/item/itemReportTerm.do?apbaId=C0071&reportFormRootNo=2020&disclosureNo=2026071603216618,2026-10-09T00:00:11+09:00
H-PNUH,부산대학교병원(양산부산대학교병원 포함),법인,2026,outsourced_actual,용역(민간) 인력 (2026년 2분기 말),326,명,alio,https://alio.go.kr/item/itemReportTerm.do?apbaId=C0071&reportFormRootNo=2020&disclosureNo=2026071603216618,2026-10-09T00:00:11+09:00
H-PNUH,부산대학교병원(양산부산대학교병원 포함),법인,2026,female_actual,여성 현원 (2026년 2분기 말),4457,명,alio,https://alio.go.kr/item/itemReportTerm.do?apbaId=C0071&reportFormRootNo=2020&disclosureNo=2026071603216618,2026-10-09T00:00:11+09:00
H-PNUH,부산대학교병원(양산부산대학교병원 포함),법인,2026,new_hire_regular,정규직(일반) 신규채용 (2026년 2분기까지 누적),379,명,alio,https://alio.go.kr/item/itemReportTerm.do?apbaId=C0071&reportFormRootNo=2040&disclosureNo=2026070903207871,2026-10-09T00:00:14+09:00
H-PNUH,부산대학교병원(양산부산대학교병원 포함),법인,2026,new_hire_youth,신규채용 중 청년 (2026년 2분기까지 누적),327,명,alio,https://alio.go.kr/item/itemReportTerm.do?apbaId=C0071&reportFormRootNo=2040&disclosureNo=2026070903207871,2026-10-09T00:00:14+09:00
H-PNUH,부산대학교병원(양산부산대학교병원 포함),법인,2026,new_hire_female,신규채용 중 여성 (2026년 2분기까지 누적),227,명,alio,https://alio.go.kr/item/itemReportTerm.do?apbaId=C0071&reportFormRootNo=2040&disclosureNo=2026070903207871,2026-10-09T00:00:14+09:00
H-PNUH,부산대학교병원(양산부산대학교병원 포함),법인,2026,new_hire_non_capital,신규채용 중 비수도권 지역인재 (2026년 2분기까지 누적),362,명,alio,https://alio.go.kr/item/itemReportTerm.do?apbaId=C0071&reportFormRootNo=2040&disclosureNo=2026070903207871,2026-10-09T00:00:14+09:00
