manufacturer,mfds_registered_company,evidence_note
PHC,파나소닉코리아,"Observed on 8 distinctive exact-model matches (e.g. MDF-DU702VX-PK, MPR-1412-PK); MFDS recall audit 2026-10-04"
Zoll medical,졸메디컬코리아,"Observed on 5 distinctive exact-model matches (e.g. CPR Stat-Padz, Pedi-padz Solid Gel Multi-Function); MFDS recall audit 2026-10-04"
Intco medical,케어라이브,"Observed on 3 distinctive exact-model matches (Sterile Latex Surgical Gloves sizes); MFDS recall audit 2026-10-04"
Nihon kohden,니혼코덴코리아,"Observed on 3 distinctive exact-model matches (e.g. CPR-1100, EMS-1052); MFDS recall audit 2026-10-04"
Diligentex,티씨지3피엘,"Observed on 2 distinctive exact-model matches (Nitrion Flexi M, Nitrion Flexi S); MFDS recall audit 2026-10-04"
Fujifilm,신기메디텍,"Observed on 2 distinctive exact-model matches (FUJI DRI-CHEM NX600i, NX700I E); MFDS recall audit 2026-10-04"
GE Healthcare,지이헬스케어코리아,"Observed on 2 distinctive exact-model matches (Voluson Expert 18, Voluson Expert 22); MFDS recall audit 2026-10-04"
GE medical systems,지이헬스케어코리아,"Observed on 8 distinctive exact-model matches across GE medical systems entities (e.g. B105M Patient Monitor, LOGIQ E10, Versana Active); MFDS recall audit 2026-10-04"
GE vingmed ultrasound,지이헬스케어코리아,"Observed on 2 distinctive exact-model matches (Vscan Air CL, Vscan Air SL); MFDS recall audit 2026-10-04"
Gs elektromed,에스에이치이,"Observed on 4 distinctive exact-model matches (e.g. Corpuls CPR, corPatch easy); MFDS recall audit 2026-10-04"
Roche diabetes care,한국로슈진단,"Observed on 2 distinctive exact-model matches (Accu-Chek Guide meter, Accu-Chek Instant Kit); MFDS recall audit 2026-10-04"
Terumo,한국테루모,"Observed on 2 distinctive exact-model matches (TE*LM730N01, TE*SS730N01); MFDS recall audit 2026-10-04"
Olympus medical systems,올림푸스한국,"Observed on 3 distinctive exact-model matches (CLL-S700, Olympus GIF-H170, Olympus LTF-S190-10); Korean subsidiary; MFDS recall audit 2026-10-09"
Heartsine technologies,한국스트라이커,"Observed on 3 distinctive exact-model matches (PAD-PAK-03, Samaritan PAD SAM 350P, SAM 360P); Stryker Korea, HeartSine's owner; MFDS recall audit 2026-10-09"
Beijing choice electronic technology,조인메디칼,"Observed on 2 distinctive exact-model matches (MD300C22, MD300C316); MFDS recall audit 2026-10-09"
Hamilton medical,동방헬스다인,"Observed on 2 distinctive exact-model matches (HAMILTON-C1, HAMILTON-C6); MFDS recall audit 2026-10-09"
Karl storz,칼스톨츠엔도스코피코리아,"Observed on 2 distinctive exact-model matches (26003BA, 27018AA); Korean subsidiary; MFDS recall audit 2026-10-09"
Omron,한국오므론헬스케어,"Observed on 2 distinctive exact-model matches (HBP-1300, HEM-7130); Korean subsidiary; MFDS recall audit 2026-10-09"
Philips ultrasound,필립스코리아,"Observed on 2 distinctive exact-model matches (Affiniti 50, EPIQ Elite); Korean subsidiary; MFDS recall audit 2026-10-09"
Roche diagnostics,한국로슈진단,"Observed on 2 distinctive exact-model matches (Accu-Chek Active Strip, Accu-Chek Performa Strip); Korean subsidiary; MFDS recall audit 2026-10-09"
