detail_code_or_segment,official_name,scope_type,collect_track,review_status,enabled,rationale,reviewed_at
4110290901,조직포매기,DETAIL_CODE,MEDICAL_DIAGNOSTICS,COLLECT_ENABLED,True,clear_domain01_equipment,2026-09-11
4110291001,현미경배양장치,DETAIL_CODE,MEDICAL_DIAGNOSTICS,REVIEW_REQUIRED,False,ambiguous_lab_or_mixed_scope,2026-09-11
4110291301,조직절편기칼날연마기,DETAIL_CODE,MEDICAL_DIAGNOSTICS,REVIEW_REQUIRED,False,ambiguous_lab_or_mixed_scope,2026-09-11
4110291401,세포막파괴기,DETAIL_CODE,MEDICAL_DIAGNOSTICS,REVIEW_REQUIRED,False,ambiguous_lab_or_mixed_scope,2026-09-11
4110291601,마이크로톰,DETAIL_CODE,MEDICAL_DIAGNOSTICS,COLLECT_ENABLED,True,clear_domain01_equipment,2026-09-11
4110291602,동결조직절편기,DETAIL_CODE,MEDICAL_DIAGNOSTICS,COLLECT_ENABLED,True,clear_domain01_equipment,2026-09-11
4110300501,실험실용초저온냉동고,DETAIL_CODE,MEDICAL_DIAGNOSTICS,REVIEW_REQUIRED,False,ambiguous_lab_or_mixed_scope,2026-09-11
4110300601,실험실용극저온냉동고,DETAIL_CODE,MEDICAL_DIAGNOSTICS,REVIEW_REQUIRED,False,ambiguous_lab_or_mixed_scope,2026-09-11
4110301101,실험실용일반냉장고,DETAIL_CODE,MEDICAL_DIAGNOSTICS,REVIEW_REQUIRED,False,ambiguous_lab_or_mixed_scope,2026-09-11
4110301102,실험실용일반냉동고,DETAIL_CODE,MEDICAL_DIAGNOSTICS,REVIEW_REQUIRED,False,ambiguous_lab_or_mixed_scope,2026-09-11
4110320201,실험용세척기,DETAIL_CODE,MEDICAL_DIAGNOSTICS,REVIEW_REQUIRED,False,ambiguous_lab_or_mixed_scope,2026-09-11
4110320301,피펫세척기,DETAIL_CODE,MEDICAL_DIAGNOSTICS,REVIEW_REQUIRED,False,ambiguous_lab_or_mixed_scope,2026-09-11
4110320701,마이크로플레이트세척기,DETAIL_CODE,MEDICAL_DIAGNOSTICS,COLLECT_ENABLED,True,clear_domain01_equipment,2026-09-11
4110321001,실험실용자외선소독기,DETAIL_CODE,MEDICAL_DIAGNOSTICS,REVIEW_REQUIRED,False,ambiguous_lab_or_mixed_scope,2026-09-11
4110321101,실험폐액처리기,DETAIL_CODE,MEDICAL_DIAGNOSTICS,REVIEW_REQUIRED,False,ambiguous_lab_or_mixed_scope,2026-09-11
4110351701,생물안전작업대,DETAIL_CODE,MEDICAL_DIAGNOSTICS,COLLECT_ENABLED,True,clear_domain01_equipment,2026-09-11
4110370201,정밀정온기,DETAIL_CODE,MEDICAL_DIAGNOSTICS,REVIEW_REQUIRED,False,ambiguous_lab_or_mixed_scope,2026-09-11
4110370401,생체저온보관고,DETAIL_CODE,MEDICAL_DIAGNOSTICS,REVIEW_REQUIRED,False,ambiguous_lab_or_mixed_scope,2026-09-11
4110370601,항온수조,DETAIL_CODE,MEDICAL_DIAGNOSTICS,REVIEW_REQUIRED,False,ambiguous_lab_or_mixed_scope,2026-09-11
4110370801,사욕조,DETAIL_CODE,MEDICAL_DIAGNOSTICS,REVIEW_REQUIRED,False,ambiguous_lab_or_mixed_scope,2026-09-11
4110371401,조직부양조,DETAIL_CODE,MEDICAL_DIAGNOSTICS,COLLECT_ENABLED,True,clear_domain01_equipment,2026-09-11
4110380201,실험실용회전혼합기,DETAIL_CODE,MEDICAL_DIAGNOSTICS,REVIEW_REQUIRED,False,ambiguous_lab_or_mixed_scope,2026-09-11
4110380601,자력교반기,DETAIL_CODE,MEDICAL_DIAGNOSTICS,REVIEW_REQUIRED,False,ambiguous_lab_or_mixed_scope,2026-09-11
4110381001,오버헤드교반기,DETAIL_CODE,MEDICAL_DIAGNOSTICS,REVIEW_REQUIRED,False,ambiguous_lab_or_mixed_scope,2026-09-11
4110381101,회전식진탕기,DETAIL_CODE,MEDICAL_DIAGNOSTICS,REVIEW_REQUIRED,False,ambiguous_lab_or_mixed_scope,2026-09-11
4110381201,왕복식진탕기,DETAIL_CODE,MEDICAL_DIAGNOSTICS,REVIEW_REQUIRED,False,ambiguous_lab_or_mixed_scope,2026-09-11
4110381401,소용돌이식진탕기,DETAIL_CODE,MEDICAL_DIAGNOSTICS,REVIEW_REQUIRED,False,ambiguous_lab_or_mixed_scope,2026-09-11
4110390101,미량원심분리기,DETAIL_CODE,MEDICAL_DIAGNOSTICS,COLLECT_ENABLED,True,clear_domain01_equipment,2026-09-11
4110390201,미량냉장원심분리기,DETAIL_CODE,MEDICAL_DIAGNOSTICS,COLLECT_ENABLED,True,clear_domain01_equipment,2026-09-11
4110390301,탁상형원심분리기,DETAIL_CODE,MEDICAL_DIAGNOSTICS,COLLECT_ENABLED,True,clear_domain01_equipment,2026-09-11
4110390401,탁상형냉장원심분리기,DETAIL_CODE,MEDICAL_DIAGNOSTICS,COLLECT_ENABLED,True,clear_domain01_equipment,2026-09-11
4110390501,대용량원심분리기,DETAIL_CODE,MEDICAL_DIAGNOSTICS,COLLECT_ENABLED,True,clear_domain01_equipment,2026-09-11
4110390601,대용량냉장원심분리기,DETAIL_CODE,MEDICAL_DIAGNOSTICS,COLLECT_ENABLED,True,clear_domain01_equipment,2026-09-11
4110390701,초고속원심분리기,DETAIL_CODE,MEDICAL_DIAGNOSTICS,COLLECT_ENABLED,True,clear_domain01_equipment,2026-09-11
4110390801,진공원심분리기,DETAIL_CODE,MEDICAL_DIAGNOSTICS,COLLECT_ENABLED,True,clear_domain01_equipment,2026-09-11
4110402101,분액수집기,DETAIL_CODE,MEDICAL_DIAGNOSTICS,REVIEW_REQUIRED,False,ambiguous_lab_or_mixed_scope,2026-09-11
4110402202,시료분취기,DETAIL_CODE,MEDICAL_DIAGNOSTICS,REVIEW_REQUIRED,False,ambiguous_lab_or_mixed_scope,2026-09-11
4110402203,캐핑기,DETAIL_CODE,MEDICAL_DIAGNOSTICS,REVIEW_REQUIRED,False,ambiguous_lab_or_mixed_scope,2026-09-11
4110402204,표본제작기,DETAIL_CODE,MEDICAL_DIAGNOSTICS,REVIEW_REQUIRED,False,ambiguous_lab_or_mixed_scope,2026-09-11
4110420201,증류수제조기,DETAIL_CODE,MEDICAL_DIAGNOSTICS,REVIEW_REQUIRED,False,ambiguous_lab_or_mixed_scope,2026-09-11
4110420601,초순수제조기,DETAIL_CODE,MEDICAL_DIAGNOSTICS,REVIEW_REQUIRED,False,ambiguous_lab_or_mixed_scope,2026-09-11
4110430101,생물배양시스템,DETAIL_CODE,MEDICAL_DIAGNOSTICS,REVIEW_REQUIRED,False,ambiguous_lab_or_mixed_scope,2026-09-11
4110440101,일반중력대류배양기,DETAIL_CODE,MEDICAL_DIAGNOSTICS,REVIEW_REQUIRED,False,ambiguous_lab_or_mixed_scope,2026-09-11
4110440201,일반강제대류배양기,DETAIL_CODE,MEDICAL_DIAGNOSTICS,REVIEW_REQUIRED,False,ambiguous_lab_or_mixed_scope,2026-09-11
4110440501,진탕배양기,DETAIL_CODE,MEDICAL_DIAGNOSTICS,REVIEW_REQUIRED,False,ambiguous_lab_or_mixed_scope,2026-09-11
4110442301,냉동배양기,DETAIL_CODE,MEDICAL_DIAGNOSTICS,REVIEW_REQUIRED,False,ambiguous_lab_or_mixed_scope,2026-09-11
4110442601,배양제제조장치,DETAIL_CODE,MEDICAL_DIAGNOSTICS,REVIEW_REQUIRED,False,ambiguous_lab_or_mixed_scope,2026-09-11
4110449801,이산화탄소배양기,DETAIL_CODE,MEDICAL_DIAGNOSTICS,COLLECT_ENABLED,True,clear_domain01_equipment,2026-09-11
4110450701,마이크로웨이브시료전처리장비,DETAIL_CODE,MEDICAL_DIAGNOSTICS,REVIEW_REQUIRED,False,ambiguous_lab_or_mixed_scope,2026-09-11
4110451101,교잡반응기,DETAIL_CODE,MEDICAL_DIAGNOSTICS,COLLECT_ENABLED,True,clear_domain01_equipment,2026-09-11
4110470101,실험실용동결건조기,DETAIL_CODE,MEDICAL_DIAGNOSTICS,REVIEW_REQUIRED,False,ambiguous_lab_or_mixed_scope,2026-09-11
4110481601,진공또는원심농축기,DETAIL_CODE,MEDICAL_DIAGNOSTICS,REVIEW_REQUIRED,False,ambiguous_lab_or_mixed_scope,2026-09-11
4110481901,세포모음장치,DETAIL_CODE,MEDICAL_DIAGNOSTICS,REVIEW_REQUIRED,False,ambiguous_lab_or_mixed_scope,2026-09-11
4110510201,연동펌프,DETAIL_CODE,MEDICAL_DIAGNOSTICS,REVIEW_REQUIRED,False,ambiguous_lab_or_mixed_scope,2026-09-11
4110510601,크로마토그래프펌프,DETAIL_CODE,MEDICAL_DIAGNOSTICS,REVIEW_REQUIRED,False,ambiguous_lab_or_mixed_scope,2026-09-11
4110531401,겔다큐멘테이션시스템,DETAIL_CODE,MEDICAL_DIAGNOSTICS,COLLECT_ENABLED,True,clear_domain01_equipment,2026-09-11
4110531601,자외선작업함,DETAIL_CODE,MEDICAL_DIAGNOSTICS,REVIEW_REQUIRED,False,ambiguous_lab_or_mixed_scope,2026-09-11
4110539901,전기영동장치,DETAIL_CODE,MEDICAL_DIAGNOSTICS,COLLECT_ENABLED,True,clear_domain01_equipment,2026-09-11
4110550501,고효율시료검색시스템,DETAIL_CODE,MEDICAL_DIAGNOSTICS,REVIEW_REQUIRED,False,ambiguous_lab_or_mixed_scope,2026-09-11
4110551701,핵산추출기,DETAIL_CODE,MEDICAL_DIAGNOSTICS,COLLECT_ENABLED,True,clear_domain01_equipment,2026-09-11
4110552101,유전자검출기,DETAIL_CODE,MEDICAL_DIAGNOSTICS,COLLECT_ENABLED,True,clear_domain01_equipment,2026-09-11
4110590301,유전자합성기,DETAIL_CODE,MEDICAL_DIAGNOSTICS,REVIEW_REQUIRED,False,ambiguous_lab_or_mixed_scope,2026-09-11
4110630701,유전자증폭기,DETAIL_CODE,MEDICAL_DIAGNOSTICS,COLLECT_ENABLED,True,clear_domain01_equipment,2026-09-11
4111150305,혈액채혈용저울,DETAIL_CODE,MEDICAL_DIAGNOSTICS,REVIEW_REQUIRED,False,ambiguous_lab_or_mixed_scope,2026-09-11
4111151701,분석용전자저울,DETAIL_CODE,MEDICAL_DIAGNOSTICS,REVIEW_REQUIRED,False,ambiguous_lab_or_mixed_scope,2026-09-11
4111170301,실체현미경,DETAIL_CODE,MEDICAL_DIAGNOSTICS,REVIEW_REQUIRED,False,ambiguous_lab_or_mixed_scope,2026-09-11
4111171101,전자현미경,DETAIL_CODE,MEDICAL_DIAGNOSTICS,REVIEW_REQUIRED,False,ambiguous_lab_or_mixed_scope,2026-09-11
4111171201,역상현미경,DETAIL_CODE,MEDICAL_DIAGNOSTICS,REVIEW_REQUIRED,False,ambiguous_lab_or_mixed_scope,2026-09-11
4111172001,주사전자현미경,DETAIL_CODE,MEDICAL_DIAGNOSTICS,REVIEW_REQUIRED,False,ambiguous_lab_or_mixed_scope,2026-09-11
4111172101,투과전자현미경,DETAIL_CODE,MEDICAL_DIAGNOSTICS,REVIEW_REQUIRED,False,ambiguous_lab_or_mixed_scope,2026-09-11
4111172201,형광현미경,DETAIL_CODE,MEDICAL_DIAGNOSTICS,REVIEW_REQUIRED,False,ambiguous_lab_or_mixed_scope,2026-09-11
4111172202,현미경레이저주사장치,DETAIL_CODE,MEDICAL_DIAGNOSTICS,REVIEW_REQUIRED,False,ambiguous_lab_or_mixed_scope,2026-09-11
4111172301,레이저현미경,DETAIL_CODE,MEDICAL_DIAGNOSTICS,REVIEW_REQUIRED,False,ambiguous_lab_or_mixed_scope,2026-09-11
4111172302,홀로그래피현미경,DETAIL_CODE,MEDICAL_DIAGNOSTICS,REVIEW_REQUIRED,False,ambiguous_lab_or_mixed_scope,2026-09-11
4111172401,주사탐침현미경,DETAIL_CODE,MEDICAL_DIAGNOSTICS,REVIEW_REQUIRED,False,ambiguous_lab_or_mixed_scope,2026-09-11
4111172501,편광현미경,DETAIL_CODE,MEDICAL_DIAGNOSTICS,REVIEW_REQUIRED,False,ambiguous_lab_or_mixed_scope,2026-09-11
4111174901,위상차현미경,DETAIL_CODE,MEDICAL_DIAGNOSTICS,REVIEW_REQUIRED,False,ambiguous_lab_or_mixed_scope,2026-09-11
4111179801,멀티미디어영상현미경,DETAIL_CODE,MEDICAL_DIAGNOSTICS,REVIEW_REQUIRED,False,ambiguous_lab_or_mixed_scope,2026-09-11
4111302701,삼투압계,DETAIL_CODE,MEDICAL_DIAGNOSTICS,REVIEW_REQUIRED,False,ambiguous_lab_or_mixed_scope,2026-09-11
4111303701,마이크로플레이트리더,DETAIL_CODE,MEDICAL_DIAGNOSTICS,COLLECT_ENABLED,True,clear_domain01_equipment,2026-09-11
4111304001,콜로니카운터,DETAIL_CODE,MEDICAL_DIAGNOSTICS,COLLECT_ENABLED,True,clear_domain01_equipment,2026-09-11
4111330101,아미노산분석기,DETAIL_CODE,MEDICAL_DIAGNOSTICS,REVIEW_REQUIRED,False,ambiguous_lab_or_mixed_scope,2026-09-11
4111330601,염화물측정기,DETAIL_CODE,MEDICAL_DIAGNOSTICS,REVIEW_REQUIRED,False,ambiguous_lab_or_mixed_scope,2026-09-11
4111330801,전해질분석기,DETAIL_CODE,MEDICAL_DIAGNOSTICS,COLLECT_ENABLED,True,clear_domain01_equipment,2026-09-11
4111340501,감마카운터,DETAIL_CODE,MEDICAL_DIAGNOSTICS,REVIEW_REQUIRED,False,ambiguous_lab_or_mixed_scope,2026-09-11
4111540101,형광광도계,DETAIL_CODE,MEDICAL_DIAGNOSTICS,REVIEW_REQUIRED,False,ambiguous_lab_or_mixed_scope,2026-09-11
4111540301,분광계,DETAIL_CODE,MEDICAL_DIAGNOSTICS,REVIEW_REQUIRED,False,ambiguous_lab_or_mixed_scope,2026-09-11
4111540401,질량분석기,DETAIL_CODE,MEDICAL_DIAGNOSTICS,REVIEW_REQUIRED,False,ambiguous_lab_or_mixed_scope,2026-09-11
4111540601,자외-가시선분광광도계,DETAIL_CODE,MEDICAL_DIAGNOSTICS,REVIEW_REQUIRED,False,ambiguous_lab_or_mixed_scope,2026-09-11
4111540701,원자흡수분광광도계,DETAIL_CODE,MEDICAL_DIAGNOSTICS,REVIEW_REQUIRED,False,ambiguous_lab_or_mixed_scope,2026-09-11
4111540801,적외선분광기,DETAIL_CODE,MEDICAL_DIAGNOSTICS,REVIEW_REQUIRED,False,ambiguous_lab_or_mixed_scope,2026-09-11
4111540802,근적외선분광기,DETAIL_CODE,MEDICAL_DIAGNOSTICS,REVIEW_REQUIRED,False,ambiguous_lab_or_mixed_scope,2026-09-11
4111540901,핵자기공명분석기,DETAIL_CODE,MEDICAL_DIAGNOSTICS,REVIEW_REQUIRED,False,ambiguous_lab_or_mixed_scope,2026-09-11
4111541101,원자방출분광기,DETAIL_CODE,MEDICAL_DIAGNOSTICS,REVIEW_REQUIRED,False,ambiguous_lab_or_mixed_scope,2026-09-11
4111541301,세포분석기,DETAIL_CODE,MEDICAL_DIAGNOSTICS,COLLECT_ENABLED,True,clear_domain01_equipment,2026-09-11
4111541901,원편광이색성분광계,DETAIL_CODE,MEDICAL_DIAGNOSTICS,REVIEW_REQUIRED,False,ambiguous_lab_or_mixed_scope,2026-09-11
4111560201,전위차적정장치,DETAIL_CODE,MEDICAL_DIAGNOSTICS,REVIEW_REQUIRED,False,ambiguous_lab_or_mixed_scope,2026-09-11
4111560202,적정기,DETAIL_CODE,MEDICAL_DIAGNOSTICS,REVIEW_REQUIRED,False,ambiguous_lab_or_mixed_scope,2026-09-11
4111560301,pH측정기,DETAIL_CODE,MEDICAL_DIAGNOSTICS,REVIEW_REQUIRED,False,ambiguous_lab_or_mixed_scope,2026-09-11
4111570101,크로마토그래피디텍터,DETAIL_CODE,MEDICAL_DIAGNOSTICS,REVIEW_REQUIRED,False,ambiguous_lab_or_mixed_scope,2026-09-11
4111570301,기체크로마토그래프,DETAIL_CODE,MEDICAL_DIAGNOSTICS,REVIEW_REQUIRED,False,ambiguous_lab_or_mixed_scope,2026-09-11
4111570501,액체크로마토그래피,DETAIL_CODE,MEDICAL_DIAGNOSTICS,REVIEW_REQUIRED,False,ambiguous_lab_or_mixed_scope,2026-09-11
4111571401,오토샘플러,DETAIL_CODE,MEDICAL_DIAGNOSTICS,REVIEW_REQUIRED,False,ambiguous_lab_or_mixed_scope,2026-09-11
4111571501,시료주입기,DETAIL_CODE,MEDICAL_DIAGNOSTICS,REVIEW_REQUIRED,False,ambiguous_lab_or_mixed_scope,2026-09-11
4111581101,DNA서열분석기,DETAIL_CODE,MEDICAL_DIAGNOSTICS,COLLECT_ENABLED,True,clear_domain01_equipment,2026-09-11
4111582101,미생물동정기,DETAIL_CODE,MEDICAL_DIAGNOSTICS,COLLECT_ENABLED,True,clear_domain01_equipment,2026-09-11
4111582102,미생물자동동정기,DETAIL_CODE,MEDICAL_DIAGNOSTICS,COLLECT_ENABLED,True,clear_domain01_equipment,2026-09-11
4111582301,단백질분석기,DETAIL_CODE,MEDICAL_DIAGNOSTICS,REVIEW_REQUIRED,False,ambiguous_lab_or_mixed_scope,2026-09-11
4111582501,방사성동위원소정량기,DETAIL_CODE,MEDICAL_DIAGNOSTICS,REVIEW_REQUIRED,False,ambiguous_lab_or_mixed_scope,2026-09-11
4111583201,항생물질검사기,DETAIL_CODE,MEDICAL_DIAGNOSTICS,REVIEW_REQUIRED,False,ambiguous_lab_or_mixed_scope,2026-09-11
4111589701,혈중암모니아측정기,DETAIL_CODE,MEDICAL_DIAGNOSTICS,COLLECT_ENABLED,True,clear_domain01_equipment,2026-09-11
4112150201,실험실용희석기,DETAIL_CODE,MEDICAL_DIAGNOSTICS,REVIEW_REQUIRED,False,ambiguous_lab_or_mixed_scope,2026-09-11
4112150401,피펫팅머신,DETAIL_CODE,MEDICAL_DIAGNOSTICS,REVIEW_REQUIRED,False,ambiguous_lab_or_mixed_scope,2026-09-11
4112151601,분주기,DETAIL_CODE,MEDICAL_DIAGNOSTICS,REVIEW_REQUIRED,False,ambiguous_lab_or_mixed_scope,2026-09-11
4112181101,미량분석기세트,DETAIL_CODE,MEDICAL_DIAGNOSTICS,REVIEW_REQUIRED,False,ambiguous_lab_or_mixed_scope,2026-09-11
4214329901,정자·정액분석장치,DETAIL_CODE,MEDICAL_DIAGNOSTICS,REVIEW_REQUIRED,False,ambiguous_lab_or_mixed_scope,2026-09-11
4218150401,혈구계산기및자동분석시약류,DETAIL_CODE,MEDICAL_DIAGNOSTICS,REVIEW_REQUIRED,False,ambiguous_lab_or_mixed_scope,2026-09-11
4218151001,빌리루빈측정기및자동분석시약류,DETAIL_CODE,MEDICAL_DIAGNOSTICS,REVIEW_REQUIRED,False,ambiguous_lab_or_mixed_scope,2026-09-11
4218151401,옥시헤모글로빈분석장치,DETAIL_CODE,MEDICAL_DIAGNOSTICS,REVIEW_REQUIRED,False,ambiguous_lab_or_mixed_scope,2026-09-11
4218151402,자동헤모글로빈측정기및자동분석시약류,DETAIL_CODE,MEDICAL_DIAGNOSTICS,REVIEW_REQUIRED,False,ambiguous_lab_or_mixed_scope,2026-09-11
4218155001,실시간유전자증폭장치,DETAIL_CODE,MEDICAL_DIAGNOSTICS,COLLECT_ENABLED,True,clear_domain01_equipment,2026-09-11
4218158601,혈중수소이온농도측정기,DETAIL_CODE,MEDICAL_DIAGNOSTICS,REVIEW_REQUIRED,False,ambiguous_lab_or_mixed_scope,2026-09-11
4218159901,유전자증폭장치및자동분석시약류,DETAIL_CODE,MEDICAL_DIAGNOSTICS,REVIEW_REQUIRED,False,ambiguous_lab_or_mixed_scope,2026-09-11
4219909501,냉동혈액처리장치,DETAIL_CODE,MEDICAL_DIAGNOSTICS,REVIEW_REQUIRED,False,ambiguous_lab_or_mixed_scope,2026-09-11
4219909801,혈액냉동고,DETAIL_CODE,MEDICAL_DIAGNOSTICS,REVIEW_REQUIRED,False,ambiguous_lab_or_mixed_scope,2026-09-11
4219909901,혈액냉장고,DETAIL_CODE,MEDICAL_DIAGNOSTICS,REVIEW_REQUIRED,False,ambiguous_lab_or_mixed_scope,2026-09-11
4229422001,자동혈액성분분리장치,DETAIL_CODE,MEDICAL_DIAGNOSTICS,REVIEW_REQUIRED,False,ambiguous_lab_or_mixed_scope,2026-09-11
4298010103,검사용체외진단지표디지털의료기기,DETAIL_CODE,MEDICAL_DIAGNOSTICS,REVIEW_REQUIRED,False,ambiguous_lab_or_mixed_scope,2026-09-11
4298010303,진단용체외진단지표디지털의료기기,DETAIL_CODE,MEDICAL_DIAGNOSTICS,REVIEW_REQUIRED,False,ambiguous_lab_or_mixed_scope,2026-09-11
4298010503,임상적관리유도용체외진단지표디지털의료기기,DETAIL_CODE,MEDICAL_DIAGNOSTICS,REVIEW_REQUIRED,False,ambiguous_lab_or_mixed_scope,2026-09-11
4298010703,의약품보조용동반진단디지털의료기기,DETAIL_CODE,MEDICAL_DIAGNOSTICS,REVIEW_REQUIRED,False,ambiguous_lab_or_mixed_scope,2026-09-11
4299010101,범용상온원심분리장치,DETAIL_CODE,MEDICAL_DIAGNOSTICS,COLLECT_ENABLED,True,clear_domain01_equipment,2026-09-11
4299010201,세포용원심분리장치,DETAIL_CODE,MEDICAL_DIAGNOSTICS,COLLECT_ENABLED,True,clear_domain01_equipment,2026-09-11
4299010301,세포용온도조절식원심분리장치,DETAIL_CODE,MEDICAL_DIAGNOSTICS,COLLECT_ENABLED,True,clear_domain01_equipment,2026-09-11
4299020101,표본가공장치,DETAIL_CODE,MEDICAL_DIAGNOSTICS,COLLECT_ENABLED,True,clear_domain01_equipment,2026-09-11
4299020201,조직검사용자동염색장치,DETAIL_CODE,MEDICAL_DIAGNOSTICS,COLLECT_ENABLED,True,clear_domain01_equipment,2026-09-11
4299020301,혈액검체처리기,DETAIL_CODE,MEDICAL_DIAGNOSTICS,COLLECT_ENABLED,True,clear_domain01_equipment,2026-09-11
4299030101,세포및조직배양기,DETAIL_CODE,MEDICAL_DIAGNOSTICS,COLLECT_ENABLED,True,clear_domain01_equipment,2026-09-11
4299030201,미생물배양기,DETAIL_CODE,MEDICAL_DIAGNOSTICS,COLLECT_ENABLED,True,clear_domain01_equipment,2026-09-11
4299040101,의료용플로방식임상화학자동분석장치,DETAIL_CODE,MEDICAL_DIAGNOSTICS,COLLECT_ENABLED,True,clear_domain01_equipment,2026-09-11
4299040201,의료용분리방식임상화학자동분석장치,DETAIL_CODE,MEDICAL_DIAGNOSTICS,COLLECT_ENABLED,True,clear_domain01_equipment,2026-09-11
4299040301,의료용원심방식임상화학자동분석장치,DETAIL_CODE,MEDICAL_DIAGNOSTICS,COLLECT_ENABLED,True,clear_domain01_equipment,2026-09-11
4299040401,의료용건식임상화학자동분석장치,DETAIL_CODE,MEDICAL_DIAGNOSTICS,COLLECT_ENABLED,True,clear_domain01_equipment,2026-09-11
4299040501,의료용팩식임상화학자동분석장치,DETAIL_CODE,MEDICAL_DIAGNOSTICS,COLLECT_ENABLED,True,clear_domain01_equipment,2026-09-11
4299040601,의료용형광분광장치,DETAIL_CODE,MEDICAL_DIAGNOSTICS,COLLECT_ENABLED,True,clear_domain01_equipment,2026-09-11
4299040701,의료용광도장치,DETAIL_CODE,MEDICAL_DIAGNOSTICS,COLLECT_ENABLED,True,clear_domain01_equipment,2026-09-11
4299040801,의료용분광광도장치,DETAIL_CODE,MEDICAL_DIAGNOSTICS,COLLECT_ENABLED,True,clear_domain01_equipment,2026-09-11
4299040901,의료용염광광도장치,DETAIL_CODE,MEDICAL_DIAGNOSTICS,COLLECT_ENABLED,True,clear_domain01_equipment,2026-09-11
4299041001,단백질용전기영동검사장치,DETAIL_CODE,MEDICAL_DIAGNOSTICS,COLLECT_ENABLED,True,clear_domain01_equipment,2026-09-11
4299041101,의료용가스액체크로마토그래피검사장치,DETAIL_CODE,MEDICAL_DIAGNOSTICS,COLLECT_ENABLED,True,clear_domain01_equipment,2026-09-11
4299041201,의료용전해질분석장치,DETAIL_CODE,MEDICAL_DIAGNOSTICS,COLLECT_ENABLED,True,clear_domain01_equipment,2026-09-11
4299050101,혈당측정기,DETAIL_CODE,MEDICAL_DIAGNOSTICS,COLLECT_ENABLED,True,clear_domain01_equipment,2026-09-11
4299050201,자동혈구계산기,DETAIL_CODE,MEDICAL_DIAGNOSTICS,COLLECT_ENABLED,True,clear_domain01_equipment,2026-09-11
4299050301,젖산측정장치,DETAIL_CODE,MEDICAL_DIAGNOSTICS,COLLECT_ENABLED,True,clear_domain01_equipment,2026-09-11
4299050401,혈액가스분석장치,DETAIL_CODE,MEDICAL_DIAGNOSTICS,COLLECT_ENABLED,True,clear_domain01_equipment,2026-09-11
4299050501,적혈구침강속도측정장치,DETAIL_CODE,MEDICAL_DIAGNOSTICS,COLLECT_ENABLED,True,clear_domain01_equipment,2026-09-11
4299050601,자동헤파린분석장치,DETAIL_CODE,MEDICAL_DIAGNOSTICS,COLLECT_ENABLED,True,clear_domain01_equipment,2026-09-11
4299050701,혈액점도계,DETAIL_CODE,MEDICAL_DIAGNOSTICS,COLLECT_ENABLED,True,clear_domain01_equipment,2026-09-11
4299070101,혈액응고시간분석장치,DETAIL_CODE,MEDICAL_DIAGNOSTICS,COLLECT_ENABLED,True,clear_domain01_equipment,2026-09-11
4299070201,자동혈소판응집측정장치,DETAIL_CODE,MEDICAL_DIAGNOSTICS,COLLECT_ENABLED,True,clear_domain01_equipment,2026-09-11
4299080101,체액점도장치,DETAIL_CODE,MEDICAL_DIAGNOSTICS,COLLECT_ENABLED,True,clear_domain01_equipment,2026-09-11
4299080201,의료용삼투압장치,DETAIL_CODE,MEDICAL_DIAGNOSTICS,COLLECT_ENABLED,True,clear_domain01_equipment,2026-09-11
4299090101,요화학분석기,DETAIL_CODE,MEDICAL_DIAGNOSTICS,COLLECT_ENABLED,True,clear_domain01_equipment,2026-09-11
4299090201,분변분석장치,DETAIL_CODE,MEDICAL_DIAGNOSTICS,COLLECT_ENABLED,True,clear_domain01_equipment,2026-09-11
4299090301,요비중장치,DETAIL_CODE,MEDICAL_DIAGNOSTICS,COLLECT_ENABLED,True,clear_domain01_equipment,2026-09-11
4299100101,의료용효소면역검사장치,DETAIL_CODE,MEDICAL_DIAGNOSTICS,COLLECT_ENABLED,True,clear_domain01_equipment,2026-09-11
4299100201,의료용면역형광측정장치,DETAIL_CODE,MEDICAL_DIAGNOSTICS,COLLECT_ENABLED,True,clear_domain01_equipment,2026-09-11
4299100301,의료용면역발광측정장치,DETAIL_CODE,MEDICAL_DIAGNOSTICS,COLLECT_ENABLED,True,clear_domain01_equipment,2026-09-11
4299100401,의료용면역비탁측정장치,DETAIL_CODE,MEDICAL_DIAGNOSTICS,COLLECT_ENABLED,True,clear_domain01_equipment,2026-09-11
4299100501,의료용면역흡광측정장치,DETAIL_CODE,MEDICAL_DIAGNOSTICS,COLLECT_ENABLED,True,clear_domain01_equipment,2026-09-11
4299100601,의료용면역희석판정장치,DETAIL_CODE,MEDICAL_DIAGNOSTICS,COLLECT_ENABLED,True,clear_domain01_equipment,2026-09-11
4299110101,수혈의학용혈구응집검사장치,DETAIL_CODE,MEDICAL_DIAGNOSTICS,COLLECT_ENABLED,True,clear_domain01_equipment,2026-09-11
4299120101,미생물분류동정장치,DETAIL_CODE,MEDICAL_DIAGNOSTICS,COLLECT_ENABLED,True,clear_domain01_equipment,2026-09-11
4299120201,미생물감수성시험장치,DETAIL_CODE,MEDICAL_DIAGNOSTICS,COLLECT_ENABLED,True,clear_domain01_equipment,2026-09-11
4299130101,세포및조직병리검사·진단보조장치,DETAIL_CODE,MEDICAL_DIAGNOSTICS,COLLECT_ENABLED,True,clear_domain01_equipment,2026-09-11
4299139901,기타세포및조직병리검사장비,DETAIL_CODE,MEDICAL_DIAGNOSTICS,COLLECT_ENABLED,True,clear_domain01_equipment,2026-09-11
4299150101,세포분리기구,DETAIL_CODE,MEDICAL_DIAGNOSTICS,REVIEW_REQUIRED,False,ambiguous_lab_or_mixed_scope,2026-09-11
